Index,Address,Room Count,Size,Price
1,"Tartu, Tartu linn, Raadi-Kruusamäe, Kaupmehe tn 12-9",3,64.3 m²,175 900 €
2,"Tartu, Ülejõe, Staadioni 3",4,75 m²,235 000 €
3,"Tartu, Tartu linn, Raadi-Kruusamäe, Kaupmehe tn 12-1",2,50.8 m²,160 900 €
4,"Tartu, Ülejõe, Pikk 76",2,38.3 m²,89 000 €
5,"Tartu, Tartu linn, Raadi-Kruusamäe, Kaupmehe tn 10-2",4,83 m²,209 900 €
6,"Tartu, Tartu linn, Raadi-Kruusamäe, Kaupmehe tn 10-7",3,70 m²,194 900 €
7,"Tartu, Annelinn, Sõpruse pst 1",1,27.3 m²,59 900 €
8,"Tartu, Vaksali, Kooli 18",2,40.9 m²,119 000 €
9,"Tartu, Tartu linn, Ropka tööstusrajoon, Vasara tn 25b",2,47.6 m²,95 000 €
10,"Tartu, Karlova, Salme 12",2,46.9 m²,106 000 €
11,"Tartu, Kesklinn, Riia 13",3,55.3 m²,209 900 €
12,"Tartu, Tartu linn, Raadi-Kruusamäe, Kummeli tn 10a",3,73 m²,169 999 €
13,"Tartu, Tartu linn, Annelinn, Mõisavahe 9-25",2,49.1 m²,97 000 €
14,"Tartu, Tartu linn, Karlova, Lootuse tn 2a-3",3,57 m²,250 000 €
15,"Tartu, Tartu linn, Karlova, Võru tn 108",2,31.1 m²,119 900 €
16,"Tartu, Tartu linn, Jaamamõisa, Põhja pst 25",1,31.5 m²,69 500 €
17,"Tartu, Tartu linn, Raadi-Kruusamäe, Kvissentali, Hauskari tn 8-1",3,65.9 m²,169 900 €
18,"Tartu, Tartu linn, Kesklinn, Küüni tn 2",2,62.7 m²,189 000 €
19,"Tartu, Tartu linn, Raadi-Kruusamäe, Muru 12",3,59.9 m²,107 900 €
20,"Tartu, Tartu linn, Annelinn, Anne tn 81-10",3,65.8 m²,129 900 €
21,"Tartu, Tartu linn, Karlova, Karlova, Raua tn 10-1",1,31 m²,110 100 €
22,"Tartu, Tartu linn, Ränilinn, Aardla tn 122",3,65.8 m²,130 000 €
23,"Tartu, Ülejõe, Uus 13b",2,39.5 m²,95 000 €
24,"Tartu, Tartu linn, Raadi-Kruusamäe, Kummeli tn 20",1,34.5 m²,95 000 €
25,"Tartu, Tartu linn, Ülejõe, Uus tn 36",2,43.5 m²,97 000 €
26,"Tartu, Tartu linn, Jaamamõisa, Põhja pst 2",3,59 m²,119 000 €
27,"Tartu, Annelinn, Ihaste põik 10",3,61.9 m²,215 000 €
28,"Tartu, Tartu linn, Karlova, Võru tn 36",2,49.1 m²,108 000 €
29,"Tartu, Tartu linn, Karlova, Siili tn 6-12",2,44.9 m²,187 000 €
30,"Tartu, Tartu linn, Annelinn, Annelinn, Aiandi tee 5",3,64.4 m²,109 000 €
31,"Tartu, Tartu linn, Kesklinn, Riia tn 20",2,37.4 m²,137 900 €
32,"Tartu, Tartu linn, Annelinn, Anne 83",2,49.6 m²,95 000 €
33,"Tartu, Tartu linn, Jaamamõisa, Lääne tn 13-18",2,47.1 m²,84 700 €
34,"Tartu, Tartu linn, Veeriku, Kannikese 33",3,61.1 m²,109 000 €
35,"Tartu, Tartu linn, Annelinn, Jaama tn 181",3,68.4 m²,89 900 €
36,"Tartu, Tartu linn, Annelinn, Ihaste põik 10",2,49.8 m²,174 900 €
37,"Tartu, Tartu linn, Variku, Timuti tn 15",1,33.2 m²,77 900 €
38,"Tartu, Tartu linn, Annelinn, Sõpruse pst 3 (Broneeritud)",3,60.8 m²,89 000 €
39,"Tartu, Tartu linn, Kesklinn, Aleksandri tn 16",1,18 m²,48 000 €
40,"Tartu, Annelinn, Kaunase pst 35",1,33.7 m²,66 500 €
41,"Tartu, Tartu linn, Karlova, Raua tn 16a",3,49.5 m²,89 000 €
42,"Tartu, Tartu linn, Veeriku, Viljandi mnt 72-14",2,38.6 m²,75 000 €
43,"Tartu, Tartu linn, Vaksali, Kooli 42",1,19.5 m²,75 900 €
44,"Tartu, Annelinn, Kaunase pst 39",3,65.5 m²,92 000 €
45,"Tartu, Tartu linn, Tähtvere, Supilinn, Tähtvere tn 16",1,23 m²,56 000 €
46,"Tartu, Tartu linn, Vaksali, Tähtvere , A. Haava tn 26",4,119 m²,419 500 €
47,"Tartu, Tartu linn, Annelinn, Anne tn 80",3,65.3 m²,97 900 €
48,"Tartu, Tartu linn, Annelinn, Sõpruse pst 5",4,71.1 m²,125 000 €
49,"Tartu, Tartu linn, Karlova, Võru tn 108-3",3,46.7 m²,169 000 €
50,"Tartu, Tartu linn, Ülejõe, Uus 45-5",3,72 m²,329 500 €
51,"Tartu, Jaamamõisa, Jaama 111a",4,118.2 m²,136 000 €
52,"Tartu, Tartu linn, Raadi-Kruusamäe, Vahi tn 64-16",2,50 m²,151 900 €
53,"Tartu, Tartu linn, Annelinn, Anne 47",1,27 m²,83 000 €
54,"Tartu, Tartu linn, Annelinn, Rõduga korter teisel korrusel, Kaunase pst 12",2,47.2 m²,85 000 €
55,"Tartu, Tartu linn, Karlova, Võru 108-4",2,31.1 m²,139 000 €
56,"Tartu, Tartu linn, Annelinn, Kaunase pst 7",3,65.7 m²,109 000 €
57,"Tartu, Tartu linn, Raadi-Kruusamäe, Raadiraja tn 12-2 (Broneeritud)",3,70.4 m²,208 900 €
58,"Tartu, Tartu linn, Kesklinn, Rebase tn 25",2,54.1 m²,195 000 €
59,"Tartu, Tartu linn, Ränilinn, Aardla tn 132",2,48.1 m²,123 000 €
60,"Tartu, Tartu linn, Veeriku, L. Puusepa tn 24",2,51.5 m²,82 000 €
61,"Tartu, Tartu linn, Annelinn, Anne tn 47",2,37.3 m²,85 000 €
62,"Tartu, Tartu linn, Supilinn, Herne 15",2,45.1 m²,96 000 €
63,"Tartu, Tartu linn, Ropka tööstusrajoon, Vasara tn 25b",2,49.2 m²,104 000 €
64,"Tartu, Tartu linn, Tähtvere, Tähtvere tn 16-9",1,24.9 m²,67 000 €
65,"Tartu, Tartu linn, Ränilinn, Laseri tn 6a",1,34.4 m²,119 000 €
66,"Tartu, Tartu linn, Annelinn, Anne 77",3,63 m²,115 000 €
67,"Tartu, Tartu linn, Vaksali, Vabriku 3",2,39.2 m²,159 000 €
68,"Tartu, Tartu linn, Vaksali, Võru tn 53a",3,60.1 m²,125 000 €
69,"Tartu, Tartu linn, Annelinn, Kalda tee 28-35",3,72.7 m²,112 000 €
70,"Tartu, Tartu linn, Annelinn, Mõisavahe tn 13 (Broneeritud)",1,33.6 m²,79 900 €
71,"Tartu, Tartu linn, Ülejõe, Ranna tee 1a",2,47.4 m²,160 000 €
72,"Tartu, Tartu linn, Ülejõe, Aruküla tee 24",3,44 m²,99 000 €
73,"Tartu, Tartu linn, Raadi-Kruusamäe, Puiestee tn 112a",2,35.9 m²,84 000 €
74,"Tartu, Tartu linn, Ülejõe, Jaama tn 21",1,18.8 m²,49 900 €
75,"Tartu, Tartu linn, Jaamamõisa, Lääne tn 9",3,56 m²,100 000 €
76,"Tartu, Supilinn, Herne 45a",2,48.6 m²,182 000 €
77,"Tartu, Tartu linn, Ülejõe, Jaama tn 52-2",4,86.1 m²,289 900 €
78,"Tartu, Tartu linn, Ülejõe, Jaama 27",1,41 m²,73 900 €
79,"Tartu, Tartu linn, Veeriku, Veeriku tn 8",2,49 m²,137 000 €
80,"Tartu, Tartu linn, Raadi-Kruusamäe, Raadiraja tn 12-9",3,64.3 m²,188 900 €
81,"Tartu, Tartu linn, Kesklinn, Vallikraavi tn 11-6",2,52.8 m²,199 000 €
82,"Tartu, Kesklinn, Jaama tn 52-3",3,86.3 m²,306 900 €
83,"Tartu, Tartu linn, Karlova, Lootuse 25",2,38.6 m²,75 000 €
84,"Tartu, Annelinn, Jaama 193",3,64.4 m²,97 000 €
85,"Tartu, Tartu linn, Annelinn, kaunase pst 18",2,48.8 m²,85 000 €
86,"Tartu, Tartu linn, Vaksali, Tiigi 61a-18",4,134.5 m²,590 000 €
87,"Tartu, Tartu linn, Annelinn, Kaunase pst 36",2,49.1 m²,75 500 €
88,"Tartu, Tartu linn, Annelinn, Mõisavahe tn 71/1",4,74.2 m²,195 000 €
89,"Tartu, Tartu linn, Jaamamõisa, Lääne tn 5",1,31.2 m²,65 000 €
90,"Tartu, Tartu linn, Veeriku, Sangla tn 25-5",1,27.7 m²,95 000 €
91,"Tartu, Tartu linn, Ropka, Ropka 15a",2,47 m²,100 000 €
92,"Tartu, Tartu linn, Raadi-Kruusamäe, Vahi 64a-1",3,63 m²,173 900 €
94,"Tartu, Tartu linn, Karlova, Turu tn 35",1,32.7 m²,68 900 €
95,"Tartu, Kesklinn, Jaama tn 52-2",4,86.1 m²,289 900 €
96,"Tartu, Tartu linn, Jaamamõisa, Lääne tn 9-28",3,56 m²,100 000 €
97,"Tartu, Tartu linn, Ülejõe, Põllu 6",2,45.3 m²,86 000 €
98,"Tartu, Tartu linn, Kesklinn, Tiigi 13",2,36.8 m²,135 000 €
99,"Tartu, Tartu linn, Karlova, Turu tn 31",1,33.3 m²,75 900 €
100,"Tartu, Tartu linn, Karlova, rebase 17",1,17.2 m²,95 000 €
101,"Tartu, Tartu linn, Raadi-Kruusamäe, Kummeli 4a-7",2,50.2 m²,145 900 €
102,"Tartu, Tartu linn, Ropka, Aardla tn 5",3,62.6 m²,115 000 €
103,"Tartu, Tartu linn, Kesklinn, Küüni tn 5b",4,186.2 m²,426 000 €
104,"Tartu, Kesklinn, Savi tn 6a",4,71.8 m²,249 000 €
105,"Tartu, Tartu linn, Annelinn, Pikk 100",3,65 m²,119 000 €
106,"Tartu, Tartu linn, Annelinn, Kalda tee 28-46",2,47.4 m²,95 000 €
107,"Tartu, Tartu linn, Karlova, Salme 8",2,45.2 m²,95 000 €
108,"Tartu, Tartu linn, Raadi-Kruusamäe, Erminurme tee 18-5",2,48.3 m²,154 900 €
109,"Tartu, Tartu linn, Ropka tööstusrajoon, Aardla tn 4-9",1,9.6 m²,41 000 €
110,"Tartu, Tartu linn, Tammelinn, Riia tn 61",4,127 m²,480 000 €
111,"Tartu, Tartu linn, Veeriku, Tulbi tn 2c",4,111.5 m²,205 000 €
112,"Tartu, Tartu linn, Ropka, Ropka tn 15a-15",3,62.4 m²,110 000 €
113,"Tartu, Tartu linn, Kesklinn, Pikk tn 2-73 (Broneeritud)",1,29.7 m²,87 000 €
114,"Tartu, Tartu linn, Ülejõe, Aruküla tee 24",2,44 m²,99 000 €
115,"Tartu, Tartu linn, Variku, Pärnaõie tn 15  UUS HIND!",3,53.7 m²,153 000 €
116,"Tartu, Tartu linn, Annelinn, Kaunase pst 3",3,63.3 m²,109 000 €
117,"Tartu, Tartu linn, Supilinn, Tähtvere tn 59-5",1,27.7 m²,49 500 €
118,"Tartu, Tartu linn, Annelinn, Mõisavahe 63",3,64.5 m²,99 000 €
119,"Tartu, Tartu linn, Ülejõe, Uus tn 63a",2,44 m²,125 900 €
120,"Tartu, Tartu linn, Annelinn, Ihaste põik 22",3,58.1 m²,195 000 €
121,"Tartu, Kesklinn, Tiigi tn 23",2,38.5 m²,119 000 €
122,"Tartu, Tartu linn, Annelinn, Kaunase pst 57-6",4,76.1 m²,95 000 €
123,"Tartu, Tartu linn, Jaamamõisa, Lehe tn 23-5",2,34.9 m²,119 900 €
124,"Tartu, Karlova, Nõva 1",2,48.6 m²,112 000 €
125,"Tartu, Tartu linn, Kesklinn, Riia tn 3-1",3,82.6 m²,174 000 €
126,"Tartu, Tartu linn, Karlova, Kastani tn 133 (Broneeritud)",3,60.3 m²,199 500 €
127,"Tartu, Tartu linn, Raadi-Kruusamäe, Kummeli tn 20",3,66.9 m²,165 000 €
128,"Tartu, Tartu linn, Vaksali, Kastani 127",3,78.9 m²,125 000 €
129,"Tartu, Tartu linn, Annelinn, Sõpruse pst 8",3,58.8 m²,109 900 €
130,"Tartu, Tartu linn, Ülejõe, Uus tn 5",3,64.7 m²,112 000 €
131,"Tartu, Tartu linn, Supilinn, Oa tn 45-4",3,61.8 m²,265 000 €
132,"Tartu, Kesklinn, Jaama tn 52-4",2,62.7 m²,205 900 €
133,"Tartu, Tartu linn, Ropka tööstusrajoon, Alasi tn 31a",2,46.1 m²,99 900 €
134,"Tartu, Annelinn, Ihaste põik 22",3,69.9 m²,222 000 €
135,"Tartu, Tartu linn, Annelinn, Kivilinna, Jaama 175",2,47 m²,79 900 €
136,"Tartu, Tartu linn, Ülejõe, Uus 21-5",3,54.2 m²,199 000 €
137,"Tartu, Tartu linn, Raadi-Kruusamäe, Põllu tn 8-1A",2,53.3 m²,89 000 €
138,"Tartu, Tartu linn, Ropka tööstusrajoon, Ringtee 7",1,35.8 m²,96 000 €
139,"Tartu, Tartu linn, Jaamamõisa, Põhja pst 8",3,60.6 m²,126 790 €
140,"Tartu, Tartu linn, Vaksali, Kastani tn 133-2",2,47.4 m²,199 000 €
141,"Tartu, Tartu linn, Annelinn, Kaunase pst 39",1,33.7 m²,79 500 €
142,"Tartu, Tartu linn, Annelinn, Kaunase pst 15",3,63 m²,115 500 €
143,"Tartu, Tartu linn, Annelinn, Anne 49",2,47 m²,79 000 €
144,"Tartu, Tartu linn, Kesklinn, KAKS KÖÖKTUBA!, Aleksandri tn 16 (Broneeritud)",2,24 m²,68 000 €
145,"Tartu, Tartu linn, Ülejõe, Uus tn 13b",2,41.2 m²,115 500 €
146,"Tartu, Ülejõe, Staadioni 3",2,56.5 m²,180 750 €
147,"Tartu, Tartu linn, Ropka tööstusrajoon, Vasara tn 25",1,16 m²,34 000 €
148,"Tartu, Tartu linn, Annelinn, Kaunase Puiestee 13-23",2,46.7 m²,105 000 €
149,"Tartu, Tartu linn, Ülejõe, Pärna tn 23-1",3,47.4 m²,144 000 €
150,"Tartu, Tartu linn, Annelinn, Jaama tn 193-71",1,30.3 m²,67 000 €
151,"Tartu, Tartu linn, Ränilinn, Aardla 132",3,65.7 m²,120 000 €
152,"Tartu, Tartu linn, Raadi-Kruusamäe, Jänese tn 22-4",2,32 m²,26 500 €
153,"Tartu, Tartu linn, Ropka, Ülenurme alevik, Paruni 17-5/1",3,61 m²,154 900 €
154,"Tartu, Tartu linn, Annelinn, Anne tn 53",3,59.4 m²,87 000 €
155,"Tartu, Tartu linn, Veeriku, Sangla tn 25-25",3,59.9 m²,123 000 €
156,"Tartu, Tartu linn, Supilinn, Emajõe tn 12",5,135.5 m²,269 000 €
157,"Tartu, Tartu linn, Raadi-Kruusamäe, Vilja 45",4,62 m²,149 000 €
158,"Tartu, Tartu linn, Vaksali, Kooli tn 18-3",2,41 m²,115 000 €
159,"Tartu, Tartu linn, Karlova, L. Tolstoi tn 9",2,28.7 m²,85 900 €
160,"Tartu, Tartu linn, Raadi-Kruusamäe, Muru tn 20",1,22 m²,67 000 €
161,"Tartu, Tartu linn, Jaamamõisa, Lääne tn 9-55",3,58.7 m²,92 900 €
162,"Tartu, Kesklinn, Väike-Turu 5",2,49.5 m²,177 500 €
163,"Tartu, Tartu linn, Ränilinn, Kvartsi tn 7",3,72.4 m²,240 000 €
164,"Tartu, Tartu linn, Annelinn, Jaama tn 191",3,65.5 m²,114 000 €
165,"Tartu, Tartu linn, Ülejõe, Mäe tn 12  UUS HIND!",2,37 m²,55 000 €
166,"Tartu, Tartu linn, Karlova, Turu tn 35a-7",2,35.8 m²,135 000 €
167,"Tartu, Tartu linn, Ülejõe, Ujula põik 8",2,41.1 m²,181 500 €
168,"Tartu, Tartu linn, Veeriku, Ravila tn 42",1,28.5 m²,76 000 €
169,"Tartu, Tartu linn, Ülejõe, Pikk tn 52 (Broneeritud)",3,48.6 m²,123 456 €
170,"Tartu, Annelinn, Kalda tee 28",3,57.7 m²,79 900 €
171,"Tartu, Tartu linn, Variku, Timuti tn 5",6,106.9 m²,205 000 €
172,"Tartu, Tartu linn, Raadi-Kruusamäe, Raadi, Tila, Vahi, Tartu, Pärna allee 10-1",2,63.1 m²,138 900 €
173,"Tartu, Tartu linn, Annelinn, Linnupargi, Ihaste põik 34",3,54.1 m²,179 750 €
174,"Tartu, Tartu linn, Raadi-Kruusamäe, Vahi tn 64-10",3,63 m²,180 900 €
175,"Tartu, Tartu linn, Annelinn, Annelinn, Mõisavahe 35",3,65.5 m²,110 000 €
176,"Tartu, Tartu linn, Annelinn, Jaama tn 185-34",2,45.9 m²,95 000 €
177,"Tartu, Tartu linn, Ülejõe, Jaama tn 77-35",2,49.4 m²,129 000 €
178,"Tartu, Kesklinn, Jaama tn 52a",4,85 m²,309 900 €
179,"Tartu, Tartu linn, Annelinn, Kaunase pst 8",2,45.8 m²,77 900 €
180,"Tartu, Kesklinn, Kalevi 4",2,56.8 m²,159 000 €
181,"Tartu, Tartu linn, Annelinn, Kalda tee 20",2,38.4 m²,99 900 €
182,"Tartu, Tartu linn, Karlova, Tähe tn 91",2,42 m²,114 000 €
183,"Tartu, Tartu linn, Annelinn, Annelinn, Anne 59",3,67 m²,109 970 €
184,"Tartu, Tartu linn, Annelinn, Sõpruse pst 8 (Broneeritud)",3,58.8 m²,112 900 €
185,"Tartu, Tartu linn, Karlova, Siili tn 2",3,61.3 m²,223 000 €
186,"Tartu, Tartu linn, Annelinn, Anne 86",2,45.8 m²,89 900 €
187,"Tartu, Tartu linn, Raadi-Kruusamäe, Kummeli 20a",4,97.4 m²,240 000 €
188,"Tartu, Tartu linn, Raadi-Kruusamäe, Kaupmehe 15",2,58.1 m²,142 000 €
189,"Tartu, Tartu linn, Kesklinn, Riia kvartal, Riia tn 20a",3,63.6 m²,265 000 €
190,"Tartu, Ülejõe, Staadioni 3",1,32.3 m²,125 750 €
191,"Tartu, Tartu linn, Karlova, Kesk 7",1,16 m²,63 900 €
192,"Tartu, Tartu linn, Ihaste, Krookuse tn 2",4,99.6 m²,219 000 €
193,"Tartu, Tartu linn, Annelinn, Kaunase pst 52",3,63 m²,115 000 €
194,"Tartu, Tartu linn, Annelinn, Jaama 181",3,68.4 m²,89 900 €
195,"Tartu, Tartu linn, Ülejõe, Ujula tn 81-12",3,53.4 m²,269 000 €
196,"Tartu, Tartu linn, Kesklinn, Jakobi 25",3,75.4 m²,202 500 €
197,"Tartu, Tartu linn, Kesklinn, Kroonuaia tn 31-6",3,69.4 m²,320 000 €
198,"Tartu, Tartu linn, Raadi-Kruusamäe, Raadiraja tn 12-8",2,45.9 m²,148 900 €
199,"Tartu, Ülejõe, Pikk tn 82",2,43.1 m²,110 000 €
200,"Tartu, Tartu linn, Kesklinn, Kivi tn 21 (Broneeritud)",2,49.2 m²,122 000 €
201,"Tartu, Tartu linn, Ränilinn, Kvartsi tn 11-39",3,58 m²,190 000 €
202,"Tartu, Tartu linn, Ropka, Ülenurme alevik, Paruni 17-5/2",2,58.9 m²,129 900 €
203,"Tartu, Tartu linn, Veeriku, Ravila tn 56",4,76.6 m²,154 000 €
204,"Tartu, Tartu linn, Ülejõe, Uus tn 27",2,41.4 m²,109 000 €
205,"Tartu, Tartu linn, Annelinn, Kaunase pst 61-29",2,46.3 m²,74 800 €
206,"Tartu, Tartu linn, Annelinn, Mõisavahe tn 46",3,65.2 m²,120 000 €
207,"Tartu, Tartu linn, Jaamamõisa, Lääne tn 2",1,33.7 m²,88 800 €
208,"Tartu, Tartu linn, Kesklinn, Pepleri tn 34 (Broneeritud)",1,15 m²,89 000 €
209,"Tartu, Tartu linn, Karlova, Kesk tn 16-6",2,32 m²,108 000 €
211,"Tartu, Tartu linn, Karlova, Kesk tn 19 (Broneeritud)",3,64 m²,159 900 €
212,"Tartu, Tartu linn, Raadi-Kruusamäe, Erminurme tee 22-3",4,91.3 m²,256 900 €
213,"Tartu, Tartu linn, Ropka, Ropka mõis, Ropka tee 6-3",2,44.2 m²,114 000 €
214,"Tartu, Tartu linn, Veeriku, Ilmatsalu tn 46",4,78.2 m²,171 000 €
215,"Tartu, Tartu linn, Kesklinn, Veski 24a",3,94.6 m²,237 000 €
216,"Tartu, Tartu linn, Veeriku, Veeriku tn 14",1,30.1 m²,72 000 €
217,"Tartu, Tartu linn, Raadi-Kruusamäe, Vahi tn 64-8",3,75.4 m²,199 900 €
218,"Tartu, Tartu linn, Karlova, Kalevi tn 60-16",2,52.7 m²,149 900 €
219,"Tartu, Tartu linn, Ropka, HEA PAKKUMINE!, Aardla 9a  UUS HIND!",3,61.3 m²,103 000 €
220,"Tartu, Tartu linn, Ropka, Ropka 15A-39",3,62.3 m²,128 000 €
221,"Tartu, Tartu linn, Tammelinn, Savi tn 8-12",4,77.7 m²,183 000 €
222,"Tartu, Tartu linn, Tammelinn, Haki tn 6-6",4,86 m²,240 000 €
223,"Tartu, Tartu linn, Raadi-Kruusamäe, Kummeli tn 12",3,74.8 m²,156 900 €
224,"Tartu, Tartu linn, Annelinn, Jaama 189",3,65.5 m²,125 000 €
225,"Tartu, Tartu linn, Annelinn, Kalda tee 28",1,27 m²,69 900 €
226,"Tartu, Tartu linn, Ülejõe, Ujula põik 6-1",1,31.9 m²,144 500 €
227,"Tartu, Tartu linn, Karlova, Raua 15B-8",3,94.5 m²,255 000 €
228,"Tartu, Tartu linn, Annelinn, Jaama 179",2,45.7 m²,85 000 €
229,"Tartu, Tartu linn, Tähtvere, C. R. Jakobsoni tn 18",2,46.3 m²,126 000 €
230,"Tartu, Tartu linn, Kesklinn, Lai tn 29",2,32 m²,135 000 €
231,"Tartu, Tartu linn, Karlova, Tähe tn 87  UUS HIND!",3,62.8 m²,172 000 €
232,"Tartu, Tartu linn, Veeriku, Näituse tn 36-15",6,112.9 m²,50 000 €
233,"Tartu, Tartu linn, Karlova, Kuu 19",2,53.9 m²,69 000 €
234,"Tartu, Tartu linn, Jaamamõisa, Lääne tn 14-2",2,45.2 m²,130 990 €
235,"Tartu, Tartu linn, Karlova, Siili tn 10-25",2,46.8 m²,160 000 €
236,"Tartu, Tartu linn, Ülejõe, Jaama tn 65",3,77.9 m²,148 000 €
237,"Tartu, Tartu linn, Annelinn, Kaunase pst 39",4,76.4 m²,99 500 €
238,"Tartu, Tartu linn, Annelinn, Mõisavahe tn 20",2,45.6 m²,84 000 €
239,"Tartu, Tartu linn, Kesklinn, Raekoja plats 11",2,53.9 m²,235 000 €
240,"Tartu, Tartu linn, Raadi-Kruusamäe, Raadiraja tn 12-21",4,84.1 m²,239 900 €
241,"Tartu, Annelinn, Salu tee 59",2,43.7 m²,105 000 €
242,"Tartu, Tartu linn, Ränilinn, Kvartsi tn 8",3,67.8 m²,194 000 €
243,"Tartu, Tartu linn, Karlova, Tolstoi 22-3",1,29.9 m²,79 000 €
244,"Tartu, Tartu linn, Kesklinn, Jakobi 19",3,59.3 m²,174 000 €
245,"Tartu, Tartu linn, Kesklinn, Aleksandri tn 32/1-16",3,63.4 m²,250 000 €
246,"Tartu, Kesklinn, Võru 20",2,52.1 m²,149 000 €
247,"Tartu, Tartu linn, Ropka, Aardla 5",3,66.1 m²,120 000 €
248,"Tartu, Tartu linn, Kesklinn, Võru tn 65a-7",4,68.9 m²,238 000 €
249,"Tartu, Ülejõe, Pikk 78",3,57.7 m²,103 500 €
250,"Tartu, Tartu linn, Ülejõe, Uus tn 36",3,48 m²,129 000 €
251,"Tartu, Tartu linn, Raadi-Kruusamäe, Vahi tn 64-7",2,50.2 m²,151 900 €
252,"Tartu, Tartu linn, Kesklinn, Lossi tn 21",3,110 m²,399 000 €
253,"Tartu, Tartu linn, Ränilinn, Aardla tn 124",2,43.1 m²,124 500 €
254,"Tartu, Ülejõe, Aruküla tee 2",2,44.9 m²,169 000 €
255,"Tartu, Tartu linn, Karlova, Võru tn 65a-7",4,68.9 m²,238 000 €
256,"Tartu, Tartu linn, Pärna tn 23 // 25",1,29 m²,86 000 €
257,"Tartu, Kesklinn, Fortuuna 27-17",4,129 m²,699 000 €
258,"Tartu, Annelinn, Nõlvaku 9",4,78.5 m²,125 000 €
259,"Tartu, Tartu linn, Jaamamõisa, Lääne tn 1 (Broneeritud)",2,46.8 m²,83 900 €
260,"Tartu, Kesklinn, Vallikraavi tn 11",4,86.3 m²,230 000 €
261,"Tartu, Tartu linn, Kesklinn, Lao 2",2,45 m²,89 000 €
262,"Tartu, Tartu linn, Jaamamõisa, Lääne tn 14-3",3,52.9 m²,151 990 €
263,"Tartu, Tartu linn, Annelinn, Kaunase pst 17",4,75.9 m²,118 000 €
264,"Tartu, Kesklinn, Kummeli tn 10b",3,62.9 m²,174 000 €
265,"Tartu, Tartu linn, Ülejõe, Ujula põik 1-6",2,50.8 m²,232 000 €
266,"Tartu, Tartu linn, Variku, Rehetare tee 11-3",4,164.9 m²,285 000 €
267,"Tartu, Tartu linn, Jaamamõisa, Lääne tn 14-10 (Broneeritud)",1,37.7 m²,119 990 €
268,"Tartu, Tartu linn, Annelinn, Mõisavahe 71/1b",3,63.9 m²,178 900 €
269,"Tartu, Karlova, Võru 38",1,23.6 m²,67 000 €
270,"Tartu, Tartu linn, Karlova, Ees-Karlova, Tolstoi 12 (Broneeritud)",3,97.2 m²,220 000 €
271,"Tartu, Tartu linn, Ränilinn, Teemandi tn 3",2,49.9 m²,89 000 €
272,"Tartu, Annelinn, Kaunase pst 28",4,76.6 m²,125 000 €
273,"Tartu, Tartu linn, Kesklinn, Aleksandri tn 23  UUS HIND!",1,38.3 m²,80 900 €
274,"Tartu, Tartu linn, Annelinn, Kalda tee 42",3,65.2 m²,99 000 €
275,"Tartu, Tartu linn, Jaamamõisa, Lääne tn 14-30",2,38.1 m²,124 990 €
276,"Tartu, Tartu linn, Supilinn, Tähtvere tn 3b-M11",0,52.4 m²,17 850 €
277,"Tartu, Ropka, Aardla 17",2,27.8 m²,59 000 €
278,"Tartu, Tartu linn, Kesklinn, Riia kvartal, Riia 22-46",3,85.7 m²,330 000 €
279,"Tartu, Tartu linn, Karlova, Rebase 17-13",2,44 m²,144 400 €
280,"Tartu, Kesklinn, Vallikraavi tn 14",1,21.6 m²,129 000 €
281,"Tartu, Tartu linn, Karlova, Siili tn 10-23 (Broneeritud)",3,92.7 m²,228 000 €
282,"Tartu, Tartu linn, Kesklinn, Raekoja plats 4-9",3,51.6 m²,259 990 €
283,"Tartu, Tartu linn, Ülejõe, Ujula põik 1-3",2,40.1 m²,178 000 €
284,"Tartu, Tartu linn, Kesklinn, Kroonuaia 13",1,15.9 m²,51 000 €
285,"Tartu, Tartu linn, Karlova, Teguri tn 32/1-24",1,24.4 m²,133 000 €
286,"Tartu, Tartu linn, Karlova, Piiskopi tn 15",3,71.1 m²,149 000 €
287,"Tartu, Tartu linn, Karlova, Rebase 17-14",2,44 m²,144 400 €
288,"Tartu, Tartu linn, Karlova, Siili tn 10-5",3,92.5 m²,219 000 €
289,"Tartu, Tartu linn, Raadi-Kruusamäe, Stardiraja tn 3-3",4,83.6 m²,211 900 €
290,"Tartu, Tartu linn, Raadi-Kruusamäe, Kukerpuu tn 1-17",3,68.3 m²,178 000 €
291,"Tartu, Tartu linn, Supilinn, Meloni 33-8",3,62.3 m²,331 000 €
292,"Tartu, Tartu linn, Jaamamõisa, Lääne 3",1,26.8 m²,59 000 €
293,"Tartu, Tartu linn, Kesklinn, Vanalinn, Lai tn 29-11",2,20 m²,119 980 €
294,"Tartu, Tartu linn, Karlova, Rebase 17-3",2,44 m²,142 300 €
295,"Tartu, Kesklinn, Tähtvere tn 18c",3,63 m²,135 000 €
296,"Tartu, Ropka, Aardla tn 7a",2,43.9 m²,125 000 €
297,"Tartu, Tartu linn, Karlova, Siili tn 12-29",3,91.9 m²,247 000 €
298,"Tartu, Ülejõe, Pärna 21a",3,60.8 m²,153 000 €
299,"Tartu, Ropka, Kaasiku 1a",2,69.9 m²,145 000 €
300,"Tartu, Tartu linn, Kesklinn, Aleksandri 40",1,20 m²,56 000 €
301,"Tartu, Tartu linn, Karlova, Siili tn 10-6",3,77.1 m²,211 000 €
302,"Tartu, Tartu linn, Kesklinn, Riia kvartal, Riia 22-12",3,64.2 m²,231 000 €
303,"Tartu, Tartu linn, Supilinn, Selleri 8",3,68.9 m²,269 000 €
304,"Tartu, Tartu linn, Vaksali, Vabriku tn 4",2,59.5 m²,49 900 €
305,"Tartu, Tartu linn, Karlova, Siili tn 12-24",3,78 m²,225 000 €
306,"Tartu, Tartu linn, Ränilinn, Aardla tn 136",3,63.1 m²,129 000 €
307,"Tartu, Tartu linn, Ropka, Paruni tn 17-8",4,90.6 m²,182 900 €
308,"Tartu, Tartu linn, Supilinn, Meloni 33-5",2,40 m²,223 000 €
309,"Tartu, Tartu linn, Karlova, Siili tn 12-30",4,95 m²,273 000 €
310,"Tartu, Tartu linn, Ülejõe, Aruküla tee 24",3,67.3 m²,159 000 €
311,"Tartu, Tartu linn, Raadi-Kruusamäe, Stardiraja tn 3-8",3,59.8 m²,166 900 €
312,"Tartu, Tartu linn, Raadi-Kruusamäe, Stardiraja tn 3-20",3,64.9 m²,181 900 €
313,"Tartu, Tartu linn, Supilinn, Tähtvere tn 17 (Broneeritud)",2,47.6 m²,155 000 €
314,"Tartu, Tartu linn, Kesklinn, Tähe 1",3,65.7 m²,139 000 €
315,"Tartu, Tartu linn, Annelinn, Mõisavahe tn 20",2,49.3 m²,77 900 €
316,"Tartu, Tartu linn, Karlova, Rebase 17-90",3,78.8 m²,255 000 €
317,"Tartu, Tartu linn, Raadi-Kruusamäe, Pärna allee 5",4,94.5 m²,184 000 €
318,"Tartu, Tartu linn, Jaamamõisa, Põhja pst 14",2,48.5 m²,64 900 €
319,"Tartu, Tartu linn, Jaamamõisa, Lääne tn 11",2,46.8 m²,73 000 €
320,"Tartu, Tartu linn, Karlova, Siili 6",2,43.7 m²,170 000 €
321,"Tartu, Tartu linn, Karlova, Lootuse tn 25",1,19 m²,53 500 €
322,"Tartu, Tartu linn, Annelinn, Anne 77",4,77.3 m²,135 000 €
323,"Tartu, Tartu linn, Annelinn, Anne 89 (Broneeritud)",4,76.8 m²,89 000 €
324,"Tartu, Tartu linn, Kesklinn, Fortuuna 1-29",2,68 m²,210 000 €
325,"Tartu, Tartu linn, Kesklinn, J. Kuperjanovi tn 5a",2,54 m²,179 000 €
326,"Tartu, Tartu linn, Karlova, Kalevi tn 84",1,23 m²,44 900 €
327,"Tartu, Annelinn, Jaama 167-14",2,45.3 m²,168 000 €
328,"Tartu, Tartu linn, Kesklinn, Riia kvartal, Riia 22-20",3,64 m²,234 000 €
329,"Tartu, Tartu linn, Pärna tn 23 // 25",2,25 m²,74 000 €
330,"Tartu, Tartu linn, Karlova, Võru tn 65a-11",2,100.8 m²,239 000 €
331,"Tartu, Tartu linn, Tammelinn, Tammepärja 17-2",4,107 m²,340 000 €
332,"Tartu, Kesklinn, Vallikraavi 24",3,79.1 m²,169 900 €
333,"Tartu, Annelinn, Jaama 167-57",2,44.6 m²,145 000 €
334,"Tartu, Kesklinn, Kastani tn 32",2,66.7 m²,159 900 €
335,"Tartu, Tartu linn, Karlova, Siili tn 10-31",2,47.1 m²,162 000 €
336,"Tartu, Tartu linn, Kesklinn, Riia kvartal, Riia 22-11",3,76 m²,273 000 €
337,"Tartu, Tartu linn, Annelinn, Kaunase pst 7",3,62.7 m²,109 000 €
338,"Tartu, Kesklinn, Aleksandri tn 1",1,28.1 m²,99 000 €
339,"Tartu, Tartu linn, Ropka, Paruni tn 17-12",3,80.4 m²,164 900 €
340,"Tartu, Tartu linn, Tähtvere, Friedrich Reinhold Kreutzwaldi 50",1,30 m²,119 000 €
341,"Tartu, Tartu linn, Annelinn, Kaunase pst 18",2,46 m²,71 000 €
342,"Tartu, Ropka, Rahu 12",3,48 m²,136 500 €
343,"Tartu, Tartu linn, Annelinn, Pikk tn 100",1,33.9 m²,85 000 €
344,"Tartu, Tartu linn, Jaamamõisa, Ida tn 4c",2,47.6 m²,129 500 €
345,"Tartu, Tartu linn, Supilinn, Piiri tn 12",1,15.1 m²,38 000 €
346,"Tartu, Tartu linn, Raadi-Kruusamäe, Erminurme tee 14-12",2,57 m²,174 900 €
347,"Tartu, Ränilinn, Rehetare tee 2 (Broneeritud)",5,132 m²,255 000 €
348,"Tartu, Tartu linn, Ülejõe, Klaose tn 5",3,62.8 m²,179 900 €
349,"Tartu, Tartu linn, Ränilinn, Aardla 140",4,76.7 m²,149 000 €
350,"Tartu, Tartu linn, Kesklinn, Turu tn 17",2,42.8 m²,139 500 €
351,"Tartu, Tartu linn, Raadi-Kruusamäe, Erminurme tee 18-12",2,57 m²,206 900 €
352,"Tartu, Tartu linn, Annelinn, UUS HIND!, Jaama tn 167",2,45.3 m²,141 900 €
353,"Tartu, Tartu linn, Jaamamõisa, Lääne tn 3",1,26.8 m²,57 000 €
354,"Tartu, Kesklinn, Tiigi tn 10",2,39.8 m²,115 000 €
355,"Tartu, Tartu linn, Kesklinn, Väike-Turu 5",3,143.3 m²,694 000 €
356,"Tartu, Tartu linn, Annelinn, Kaunase pst 62",2,46.1 m²,86 000 €
357,"Tartu, Tartu linn, Karlova, Lootuse 27",2,42.4 m²,107 000 €
358,"Tartu, Tartu linn, Ränilinn, Eerika põik 10-3",4,100.3 m²,249 900 €
359,"Tartu, Tartu linn, Raadi-Kruusamäe, Kaupmehe tn 12-14",3,63.3 m²,171 900 €
360,"Tartu, Tartu linn, Supilinn, Meloni 33-4",2,44.4 m²,244 000 €
361,"Tartu, Tartu linn, Kesklinn, Aleksandri 27",2,48.7 m²,135 000 €
362,"Tartu, Tartu linn, Karlova, Võru 49",1,16.2 m²,53 900 €
363,"Tartu, Tartu linn, Kesklinn, Kroonuaia 13",2,42.5 m²,119 900 €
364,"Tartu, Tartu linn, Annelinn, Kaunase pst 36",2,49.1 m²,84 900 €
365,"Tartu, Tartu linn, Raadi-Kruusamäe, Vao 1",2,59.5 m²,149 000 €
366,"Tartu, Tartu linn, Karlova, Siili tn 10-4",2,55.6 m²,165 000 €
367,"Tartu, Tartu linn, Ropka, Jalaka tn 46",4,70.8 m²,113 900 €
368,"Tartu, Tartu linn, Mõisavahe tn 15",4,75.6 m²,124 000 €
369,"Tartu, Tartu linn, Pärna tn 23 // 25",1,27 m²,80 000 €
370,"Tartu, Tartu linn, Ülejõe, Pärna 28b",3,70.9 m²,260 000 €
371,"Tartu, Annelinn, Jaama 167-37",4,84.3 m²,207 000 €
372,"Tartu, Annelinn, Anne 87",2,46.4 m²,79 900 €
373,"Tartu, Tartu linn, Karlova, Rebase 17-85",3,73.6 m²,227 000 €
374,"Tartu, Annelinn, Jaama 167-54",3,68.3 m²,175 000 €
375,"Tartu, Tartu linn, Kesklinn, Staadioni 65a",2,61.4 m²,249 000 €
376,"Tartu, Tartu linn, Karlova, Siili tn 12-16",2,54.7 m²,180 000 €
377,"Tartu, Tartu linn, Variku, Korter uues majas, Rehetare tee 1-1",3,68.4 m²,175 000 €
378,"Tartu, Tartu linn, Karlova, Siili tn 10-2",3,76.2 m²,235 000 €
379,"Tartu, Tartu linn, Ülejõe, Ujula tn 51/1-8",4,80.5 m²,355 000 €
380,"Tartu, Annelinn, Jaama 167-36",3,68.3 m²,169 000 €
381,"Tartu, Tartu linn, Supilinn, Meloni 33-2",2,41.6 m²,223 000 €
382,"Tartu, Tartu linn, Karlova, Linda tn 10",3,66.4 m²,149 000 €
383,"Tartu, Tartu linn, Jaamamõisa, Lääne tn 14-11",2,45.2 m²,132 990 €
384,"Tartu, Tartu linn, Annelinn, Kaunase pst 24",1,34.4 m²,65 000 €
385,"Tartu, Kesklinn, J. Kuperjanovi tn 38a",5,123 m²,259 000 €
386,"Tartu, Annelinn, Jaama 167-45",3,68.3 m²,172 000 €
387,"Tartu, Tartu linn, Annelinn, Mõisavahe tn 47",4,78.5 m²,125 000 €
388,"Tartu, Tartu linn, Raadi-Kruusamäe, Põllu 6",3,58.2 m²,110 000 €
389,"Tartu, Tartu linn, Raadi-Kruusamäe, Piloodi 1-4",3,59.8 m²,175 900 €
390,"Tartu, Tartu linn, Vaksali, Vabriku 3",2,37 m²,115 000 €
391,"Tartu, Tartu linn, Annelinn, Jaama 175",3,65.1 m²,104 000 €
392,"Tartu, Tartu linn, Supilinn, Tähtvere tn 27",2,62.1 m²,122 900 €
393,"Tartu, Tartu linn, Raadi-Kruusamäe, Piloodi 1-13",3,59.9 m²,166 900 €
394,"Tartu, Tartu linn, Kesklinn, J. Kuperjanovi tn 20",2,40.4 m²,101 000 €
395,"Tartu, Tartu linn, Tähtvere, Friedrich Reinhold Kreutzwaldi 50",1,35 m²,129 000 €
396,"Tartu, Tartu linn, Raadi-Kruusamäe, Vahi tn 64-2",2,50.2 m²,150 900 €
397,"Tartu, Tartu linn, Kesklinn, A. H. Tammsaare tn 2-16",3,68.8 m²,199 000 €
398,"Tartu, Tartu linn, Kesklinn, Vallikraavi 10",3,60.6 m²,194 000 €
399,"Tartu, Tartu linn, Kesklinn, Kroonuaia 20",4,295 m²,179 000 €
400,"Tartu, Tartu linn, Raadi-Kruusamäe, Piloodi 1-5",2,44.9 m²,144 900 €
401,"Tartu, Tartu linn, Kesklinn, Tiigi 17",2,39.9 m²,119 700 €
402,"Tartu, Tartu linn, Jaamamõisa, Jaamamõisa tn 8-1",2,32.5 m²,61 900 €
403,"Tartu, Tartu linn, Ülejõe, Staadioni tn 14",2,40.5 m²,103 000 €
404,"Tartu, Tartu linn, Annelinn, Mõisavahe tn 42",2,46.2 m²,80 000 €
405,"Tartu, Tartu linn, Annelinn, Mõisavahe 71/2",2,50.9 m²,179 870 €
406,"Tartu, Tartu linn, Raadi-Kruusamäe, Vahi tn 64-1",3,63 m²,179 900 €
407,"Tartu, Tartu linn, Annelinn, Kaunase pst 65",1,33.6 m²,62 900 €
408,"Tartu, Tartu linn, Raadi-Kruusamäe, Pärna allee 8",2,67.2 m²,139 900 €
409,"Tartu, Tartu linn, Ülejõe, Ujula tn 51/1-5",3,62.1 m²,265 000 €
410,"Tartu, Tartu linn, Raadi-Kruusamäe, Stardiraja tn 3-15",2,43.4 m²,135 900 €
411,"Tartu, Tartu linn, Annelinn, Kaunase pst 3",3,66.6 m²,145 000 €
412,"Tartu, Tartu linn, Annelinn, Kaunase pst 12",3,63.1 m²,103 000 €
413,"Tartu, Tartu linn, Annelinn, Kaunase pst 62",2,46.1 m²,85 900 €
414,"Tartu, Annelinn, Jaama 167-27",3,68.3 m²,175 000 €
415,"Tartu, Tartu linn, Tammelinn, Riia 48",2,38.8 m²,109 000 €
416,"Tartu, Tartu linn, Kesklinn, Anne 1",2,46.9 m²,123 900 €
417,"Tartu, Tartu linn, Annelinn, Anne tn 77",2,49.5 m²,77 000 €
418,"Tartu, Tartu linn, Ülejõe, HEA ASUKOHT KESKLINNA PIIRIL, Pikk 86",3,62.9 m²,118 000 €
419,"Tartu, Tartu linn, Annelinn, Jaama tn 191",3,65.3 m²,85 000 €
420,"Tartu, Tartu linn, Variku, Rehetare tee 1",1,39 m²,97 000 €
421,"Tartu, Kesklinn, Lai 36b-2",2,49.3 m²,199 000 €
422,"Tartu, Tartu linn, Raadi-Kruusamäe, Piloodi 1-6",2,44.3 m²,144 900 €
423,"Tartu, Tartu linn, Variku, Rehetare tee 11-1",4,164.9 m²,295 000 €
424,"Tartu, Annelinn, Mõisavahe 37",4,78.2 m²,120 000 €
425,"Tartu, Tartu linn, Kesklinn, Karlova, Öö tn 2",3,145.7 m²,500 000 €
426,"Tartu, Tartu linn, Raadi-Kruusamäe, Erminurme tee 18-6",2,57 m²,171 900 €
427,"Tartu, Tartu linn, Vaksali, Kooli tn 34//36",3,64.7 m²,160 000 €
428,"Tartu, Tartu linn, Annelinn, Luunja, Tamme tee 7",4,120 m²,233 900 €
429,"Tartu, Tartu linn, Raadi-Kruusamäe, Raadiraja tn 12-15",2,45.9 m²,148 900 €
430,"Tartu, Tartu linn, Raadi-Kruusamäe, Hauskari tn 6",3,72.4 m²,189 500 €
431,"Tartu, Tartu linn, Kastani tn 157 // 159",2,33.9 m²,75 000 €
432,"Tartu, Tartu linn, Jaamamõisa, Põhja pst 14",2,47.8 m²,78 500 €
433,"Tartu, Tartu linn, Ülejõe, Ujula tn 51/1-9",3,61.9 m²,275 000 €
434,"Tartu, Tartu linn, Kesklinn, Aleksandri tn 5 (Broneeritud)",2,39.1 m²,99 000 €
435,"Tartu, Tartu linn, Karlova, Koidu tn 20 // 22",1,30.9 m²,69 500 €
436,"Tartu, Tartu linn, Karlova, Võru tn 54-2",3,46.7 m²,153 900 €
437,"Tartu, Tartu linn, Kesklinn, Fortuuna tn 27-18",4,131.4 m²,699 000 €
438,"Tartu, Tartu linn, Raadi-Kruusamäe, Stardiraja tn 3-20",3,64.9 m²,181 900 €
439,"Tartu, Tartu linn, Tammelinn, L. Puusepa tn 29",2,35.9 m²,89 000 €
440,"Tartu, Tartu linn, Raadi-Kruusamäe, Kaupmehe tn 12-19",3,65.2 m²,177 900 €
441,"Tartu, Tartu linn, Annelinn, Kaunase pst 11-29 (Broneeritud)",2,47 m²,87 000 €
442,"Tartu, Tartu linn, Raadi-Kruusamäe, Piloodi 1-1",2,42.4 m²,142 900 €
443,"Tartu, Tartu linn, Annelinn, Mõisavahe 26",3,65.6 m²,89 000 €
444,"Tartu, Annelinn, Anne 92",4,78 m²,118 000 €
445,"Tartu, Tartu linn, Jaamamõisa, Põhja pst 17",1,31.4 m²,54 900 €
446,"Tartu, Tartu linn, Ropka, Võru 156a",2,35 m²,95 000 €
447,"Tartu, Tartu linn, Kesklinn, Riia tn 5",2,71.1 m²,169 000 €
448,"Tartu, Tartu linn, Ülejõe, Ülejõe, Ujula tn 51/1-6",2,39.3 m²,185 000 €
449,"Tartu, Tartu linn, Ülejõe, Ujula tn 51/2-1",5,113.9 m²,449 000 €
450,"Tartu, Tartu linn, Annelinn, Ihaste põik 30",2,47.9 m²,170 000 €
451,"Tartu, Tartu linn, Karlova, Rebase 17-4",2,44.2 m²,142 300 €
452,"Tartu, Tartu linn, Karlova, Siili tn 12-3",2,65.9 m²,205 000 €
453,"Tartu, Tartu linn, Raadi-Kruusamäe, Piloodi 1-9",2,43.9 m²,142 900 €
454,"Tartu, Kesklinn, Kitsas 5",2,47.2 m²,275 000 €
455,"Tartu, Tartu linn, Jaamamõisa, Põhja pst 15a (Broneeritud)",3,62.6 m²,154 000 €
456,"Tartu, Tartu linn, Tammelinn, Tamme pst 82",4,110.2 m²,285 000 €
457,"Tartu, Kesklinn, Uppsala 1",3,62.9 m²,145 000 €
458,"Tartu, Tartu linn, Supilinn, Meloni 33-6",2,31.7 m²,188 000 €
459,"Tartu, Tartu linn, Kesklinn, Tähe tn 1",4,93.9 m²,227 000 €
460,"Tartu, Tartu linn, Ränilinn, Riia mnt 215",2,44.4 m²,120 000 €
461,"Tartu, Tartu linn, Annelinn, Jaama tn 191",1,30.3 m²,75 000 €
462,"Tartu, Ränilinn, Rehetare tee 2",5,127.6 m²,255 000 €
463,"Tartu, Tartu linn, Kesklinn, Rebase tn 25",2,47.8 m²,164 900 €
464,"Tartu, Tartu linn, Annelinn, Jaama tn 177",3,64.5 m²,124 000 €
465,"Tartu, Tartu linn, Kesklinn, Toomemägi, Vallikraavi tn 12",4,116 m²,499 000 €
466,"Tartu, Tartu linn, Veeriku, Veeriku tn 12c",3,72 m²,191 900 €
467,"Tartu, Tartu linn, Ülejõe, Puiestee tn 26",1,21.6 m²,45 000 €
468,"Tartu, Tartu linn, Jaamamõisa, Põhja pst 17",3,63.6 m²,119 000 €
469,"Tartu, Tartu linn, Kesklinn, Kalevi tn 11",4,112.4 m²,375 000 €
470,"Tartu, Tartu linn, Raadi-Kruusamäe, Raadiraja tn 10-28",3,51.2 m²,170 900 €
471,"Tartu, Tartu linn, Karlova, Vaba tn 6",2,34.9 m²,89 900 €
472,"Tartu, Kesklinn, Kaunase pst 7",3,62.8 m²,99 000 €
473,"Tartu, Vaksali, J. Kuperjanovi 58",2,45.4 m²,152 000 €
474,"Tartu, Tartu linn, Kesklinn, Aleksandri 32/1-12",3,88.8 m²,355 000 €
475,"Tartu, Tartu linn, Kesklinn, Riia tn 20a",3,64.5 m²,269 000 €
476,"Tartu, Tartu linn, Ihaste, Veibri, Jaanilille tee 1a",1,37.1 m²,86 000 €
477,"Tartu, Tartu linn, Annelinn, Sõpruse pst 10",2,46.5 m²,129 000 €
478,"Tartu, Annelinn, Jaama 167-44",2,41.4 m²,159 000 €
479,"Tartu, Tartu linn, Tähtvere, A. H. Tammsaare 2",3,68.3 m²,130 000 €
480,"Tartu, Tartu linn, Pärna tn 23 // 25",1,19 m²,56 000 €
481,"Tartu, Tartu linn, Kesklinn, Tähtvere 4",11,272.2 m²,477 000 €
482,"Tartu, Tartu linn, Ropka, Paruni tn 17-17A",2,63.2 m²,135 900 €
483,"Tartu, Tartu linn, Kesklinn, Lossi tn 21",3,93.1 m²,319 000 €
484,"Tartu, Tartu linn, Karlova, Kuu tn 18",2,48.7 m²,105 000 €
485,"Tartu, Tartu linn, Annelinn, Anne tn 82",3,65 m²,92 900 €
486,"Tartu, Tartu linn, Karlova, Siili 4-22",4,73.2 m²,241 000 €
487,"Tartu, Tartu linn, Raadi-Kruusamäe, Piloodi 1-19",3,68.7 m²,191 900 €
488,"Tartu, Tartu linn, Annelinn, Kaunase pst 11",2,49.8 m²,90 000 €
489,"Tartu, Tartu linn, Raadi-Kruusamäe, Stardiraja tn 3-2",3,63.1 m²,179 900 €
490,"Tartu, Tartu linn, Jaamamõisa, Jaama tn 78",2,61 m²,146 000 €
491,"Tartu, Tartu linn, Annelinn, Luha tn 6",3,68.9 m²,176 000 €
492,"Tartu, Tartu linn, Kesklinn, Aleksandri 32/1-7",2,52 m²,218 000 €
493,"Tartu, Tartu linn, Raadi-Kruusamäe, Raadiraja tn 10-9",2,37.1 m²,132 900 €
494,"Tartu, Tartu linn, Kesklinn, Puiestee 112A",1,35.2 m²,65 000 €
495,"Tartu, Tartu linn, Kesklinn, Aleksandri 32/1-22",3,72.3 m²,280 000 €
496,"Tartu, Tartu linn, Annelinn, Sõpruse pst 3",3,56.6 m²,115 000 €
497,"Tartu, Tartu linn, Ihaste, Koidutähe tee 60",2,60.4 m²,139 000 €
498,"Tartu, Tartu linn, Annelinn, Kaunase pst 57",2,46.2 m²,76 000 €
499,"Tartu, Tartu linn, Raadi-Kruusamäe, Kukerpuu tn 1-4",2,47.7 m²,141 000 €
500,"Tartu, Tartu linn, Ropka, Soinaste, Sõnajala 15",6,146.6 m²,279 900 €
501,"Tartu, Tartu linn, Ülejõe, Pikk tn 3 (Broneeritud)",2,44.5 m²,152 000 €
502,"Tartu, Tartu linn, Annelinn, Anne tn 30",2,38.1 m²,85 000 €
503,"Tartu, Tartu linn, Kesklinn, Aleksandri 32/1-15",3,91.8 m²,360 000 €
504,"Tartu, Tartu linn, Annelinn, Kaunase pst 10a",4,76 m²,110 000 €
505,"Tartu, Tartu linn, Jaamamõisa, Lääne tn 14-25",2,45.2 m²,134 990 €
506,"Tartu, Tartu linn, Raadi-Kruusamäe, Vahi tn 64-6",3,63 m²,180 900 €
507,"Tartu, Tartu linn, Annelinn, Kalda tee 42",3,65.2 m²,99 000 €
508,"Tartu, Tartu linn, Tammelinn, Tamme pst 82",3,110.2 m²,285 000 €
509,"Tartu, Tartu linn, Ropka, Ropka tn 6",2,46.4 m²,119 900 €
510,"Tartu, Tartu linn, Supilinn, Meloni 33-9",2,42.5 m²,292 000 €
511,"Tartu, Tartu linn, Raadi-Kruusamäe, Vahi tn 64-15",3,63 m²,180 900 €
512,"Tartu, Tartu linn, Vaksali, J. Kuperjanovi tn 38",1,29.4 m²,69 900 €
513,"Tartu, Tartu linn, Jaamamõisa, Lääne tn 3",2,45.3 m²,84 900 €
514,"Tartu, Kesklinn, Põik 16-5",4,113.8 m²,505 000 €
515,"Tartu, Tartu linn, Karlova, Vaba tn 28",1,16.7 m²,52 000 €
516,"Tartu, Kesklinn, Fortuuna 27-15",1,25.6 m²,130 000 €
517,"Tartu, Tartu linn, Annelinn, Anne tn 77",2,49.5 m²,75 000 €
518,"Tartu, Kesklinn, Narva mnt 107",2,50.3 m²,125 000 €
519,"Tartu, Veeriku, Kogre tee 4",3,66.5 m²,113 000 €
520,"Tartu, Kesklinn, Nõlvaku tn 15",1,34.2 m²,85 000 €
521,"Tartu, Tartu linn, Annelinn, Mõisavahe tn 46",4,78.6 m²,115 000 €
522,"Tartu, Tartu linn, Annelinn, Mõisavahe tn 31",2,46.3 m²,87 000 €
523,"Tartu, Tartu linn, Ülejõe, Puiestee tn 17a",2,31.7 m²,123 500 €
524,"Tartu, Tartu linn, Karlova, Tähe 74",2,46.2 m²,115 000 €
525,"Tartu, Tartu linn, Ränilinn, Eerika põik 10-6",4,100.3 m²,249 900 €
526,"Tartu, Tartu linn, Kesklinn, Ülikooli 1",3,71 m²,299 999 €
527,"Tartu, Tartu linn, Kesklinn, Küütri tn 2",3,65 m²,319 900 €
528,"Tartu, Tartu linn, Karlova, Kesk 7",1,14.2 m²,63 900 €
529,"Tartu, Tartu linn, Karlova, Eha 24",2,42.7 m²,91 500 €
530,"Tartu, Tartu linn, Annelinn, Anne tn 88",2,45.3 m²,89 900 €
531,"Tartu, Tartu linn, Raadi-Kruusamäe, Erminurme tee 2-6",3,56.8 m²,186 900 €
532,"Tartu, Tartu linn, Jaamamõisa, Lehe tn 23-2",2,35.9 m²,127 900 €
533,"Tartu, Tartu linn, Ihaste, Luunja, Tamme tee 7",4,120 m²,225 900 €
534,"Tartu, Tartu linn, Karlova, Rebase 17-66",3,73.2 m²,229 300 €
535,"Tartu, Tartu linn, Karlova, Teguri tn 32/1",1,18.9 m²,104 000 €
536,"Tartu, Tartu linn, Variku, Timuti tn 13a-5",3,52.8 m²,156 000 €
537,"Tartu, Tartu linn, Jaamamõisa, Lääne tn 14-27",2,37.7 m²,125 990 €
538,"Tartu, Tartu linn, Annelinn, Kalda tee 28",3,61.5 m²,109 000 €
539,"Tartu, Supilinn, Herne 34A",2,48 m²,185 000 €
540,"Tartu, Tartu linn, Ülejõe, Ülejõe, Jaama 65 (Broneeritud)",2,49.4 m²,85 000 €
541,"Tartu, Tartu linn, Karlova, Lootuse tn 2a",4,98.8 m²,399 900 €
542,"Tartu, Tartu linn, Variku, Rehetare tee 11-4",4,164.9 m²,295 000 €
543,"Tartu, Annelinn, Mõisavahe 9",3,65.4 m²,89 000 €
544,"Tartu, Tartu linn, Karlova, B. G. Forseliuse 3",5,98.5 m²,179 990 €
545,"Tartu, Tartu linn, Kesklinn, Vanalinn, Kompanii tn 8",4,84.5 m²,334 000 €
546,"Tartu, Kesklinn, Lai tn 29",1,26 m²,138 000 €
547,"Tartu, Tartu linn, Ränilinn, Eerika põik 14-7",5,126.4 m²,339 900 €
548,"Tartu, Tartu linn, Tähtvere, A. H. Tammsaare tn 2",3,68.1 m²,124 000 €
549,"Tartu, Tartu linn, Ropka, Ropka tn 16a",2,46 m²,89 900 €
550,"Tartu, Tartu linn, Annelinn, Mõisavahe 5",2,45.6 m²,72 000 €
551,"Tartu, Tartu linn, Raadi-Kruusamäe, Erminurme tee 14-4",3,72.5 m²,201 900 €
552,"Tartu, Tartu linn, Kesklinn, Raekoja plats 4-21",3,69 m²,369 990 €
553,"Tartu, Tartu linn, Kesklinn, Riia kvartal, Riia 22",4,81.3 m²,289 000 €
554,"Tartu, Tartu linn, Raadi-Kruusamäe, Kaupmehe 4 (Broneeritud)",3,77.4 m²,184 000 €
555,"Tartu, Tartu linn, Kesklinn, Vallikraavi 10",3,60.5 m²,187 000 €
556,"Tartu, Tartu linn, Annelinn, Kaunase pst 19",4,76.2 m²,123 000 €
557,"Tartu, Tartu linn, Annelinn, Mõisavahe tn 47",2,46.1 m²,83 000 €
558,"Tartu, Tartu linn, Kesklinn, Aleksandri 32/1-23",2,40.9 m²,177 000 €
559,"Tartu, Ränilinn, Rehetare tee 2",5,132 m²,245 000 €
560,"Tartu, Tartu linn, Annelinn, Kaunase puiestee 62",2,46.1 m²,83 000 €
561,"Tartu, Tartu linn, Ropka, Tartu, Vasara 25b",2,47.6 m²,79 900 €
562,"Tartu, Kesklinn, Kannikese tn 33",1,26.9 m²,355 €
563,"Tartu, Tartu linn, Karlova, Rebase 17-82",3,80.2 m²,228 800 €
564,"Tartu, Tartu linn, Ülejõe, Puiestee tn 61",2,40 m²,92 000 €
565,"Tartu, Tartu linn, Annelinn, Anne 86",3,65 m²,141 900 €
566,"Tartu, Tartu linn, Ülejõe, Fortuuna tn 33-8",1,28.5 m²,131 900 €
567,"Tartu, Tartu linn, Karlova, Siili tn 10-13",2,46.7 m²,156 000 €
568,"Tartu, Tartu linn, Annelinn, Kalda tee 24",2,53 m²,119 000 €
569,"Tartu, Tartu linn, Raadi-Kruusamäe, Piloodi 1-18",3,59.7 m²,173 900 €
570,"Tartu, Tartu linn, Ropka tööstusrajoon, Vasara tn 25",1,11.5 m²,35 000 €
571,"Tartu, Ülejõe, Staadioni 10",2,38.6 m²,96 900 €
572,"Tartu, Tartu linn, Karlova, Võru tn 65a-4",3,55.1 m²,199 000 €
573,"Tartu, Tartu linn, Kesklinn, Aleksandri 32/1-11",3,91.2 m²,350 000 €
574,"Tartu, Tartu linn, Ülejõe, Anne 1",2,46.9 m²,123 900 €
575,"Tartu, Tartu linn, Raadi-Kruusamäe, Kõrveküla, Kõrve 38-2",5,111.9 m²,225 000 €
576,"Tartu, Tartu linn, Ülejõe, Pärna tn 6",3,50.6 m²,120 000 €
577,"Tartu, Tartu linn, Tammelinn, Riia tn 124",2,36.1 m²,89 000 €
578,"Tartu, Tartu linn, Ülejõe, Pikk tn 78",2,45.4 m²,99 900 €
579,"Tartu, Tartu linn, Supilinn, Meloni 33-1",2,33.7 m²,178 000 €
580,"Tartu, Tartu linn, Teemandi tn 9",3,65.8 m²,125 000 €
581,"Tartu, Tartu linn, Annelinn, Kalda tee 8",2,37 m²,125 000 €
582,"Tartu, Tartu linn, Supilinn, Kesklinn, Marja tn 16-3",3,37.5 m²,134 900 €
583,"Tartu, Tartu linn, Ränilinn, Riia mnt 215",3,75.4 m²,155 000 €
584,"Tartu, Tartu linn, Karlova, Siili tn 10-18",3,79.6 m²,216 000 €
585,"Tartu, Tartu linn, Annelinn, Mõisavahe tn 36",4,78.5 m²,134 000 €
586,"Tartu, Tartu linn, Raadi-Kruusamäe, Erminurme tee 14-18",2,57 m²,178 900 €
587,"Tartu, Tartu linn, Jaamamõisa, Lehe tn 22",3,65.9 m²,222 000 €
588,"Tartu, Tartu linn, Annelinn, Kaunase puiestee 33",4,76.6 m²,119 000 €
589,"Tartu, Tartu linn, Kesklinn, Kitsas tn 5",3,71.6 m²,405 000 €
590,"Tartu, Tartu linn, Raadi-Kruusamäe, Erminurme tee 14-5",2,48.3 m²,186 900 €
591,"Tartu, Tartu linn, Jaamamõisa, Jaama 85",1,14.5 m²,35 900 €
592,"Tartu, Annelinn, Jaama 167-3",4,84.3 m²,191 000 €
593,"Tartu, Tartu linn, Raadi-Kruusamäe, Raadi, Ermi tn 19",3,65.1 m²,193 900 €
594,"Tartu, Tartu linn, Kesklinn, Lao 2",2,40.5 m²,115 000 €
595,"Tartu, Tartu linn, Annelinn, Kaunase pst 43",4,75.1 m²,125 000 €
596,"Tartu, Tartu linn, Raadi-Kruusamäe, Raadiraja tn 10-20",3,51.2 m²,167 900 €
597,"Tartu, Karlova, Kastani 147//149",1,17.1 m²,57 000 €
598,"Tartu, Tartu linn, Raadi-Kruusamäe, Kaupmehe tn 12-7",3,70 m²,189 900 €
599,"Tartu, Tartu linn, Jaamamõisa, Lääne tn 14-23",4,69.6 m²,184 990 €
600,"Tartu, Tartu linn, Supilinn, Selleri tn 5",3,57.2 m²,239 900 €
601,"Tartu, Tartu linn, Jaamamõisa, Lääne tn 14-21",3,52.9 m²,156 990 €
602,"Tartu, Tartu linn, Supilinn, Kroonuaia tn 26",2,59.3 m²,103 500 €
603,"Tartu, Tartu linn, Karlova, Siili tn 12-23",3,92.3 m²,234 000 €
604,"Tartu, Tartu linn, Ropka tn 24",2,91.6 m²,219 000 €
605,"Tartu, Tartu linn, Tammelinn, Suur kaar 58",3,50.1 m²,126 000 €
606,"Tartu, Tartu linn, Ülejõe, Puiestee tn 59",3,55 m²,109 000 €
607,"Tartu, Tartu linn, Ränilinn, Riia tn 215",3,73.4 m²,159 000 €
608,"Tartu, Tartu linn, Ülejõe, Ujula põik 1-7",3,68.6 m²,288 120 €
609,"Tartu, Tartu linn, Kesklinn, Võru tn 65a-9",2,100.8 m²,239 000 €
610,"Tartu, Tartu linn, Karlova, Kalevi tn 111",1,33.8 m²,86 900 €
611,"Tartu, Tartu linn, Karlova, Rebase 17-37",2,44.2 m²,147 400 €
612,"Tartu, Ropka, Aardla 7a",4,56.7 m²,95 000 €
613,"Tartu, Tartu linn, Kesklinn, Kastani tn 83-4",4,84.7 m²,359 000 €
614,"Tartu, Tartu linn, Karlova, Nõva tn 4",3,62.8 m²,128 000 €
615,"Tartu, Tartu linn, Annelinn, Kaunase pst 62 (Broneeritud)",2,46.3 m²,78 900 €
616,"Tartu, Tartu linn, Raadi-Kruusamäe, Vahi tn 64-3",3,75.5 m²,198 900 €
617,"Tartu, Tartu linn, Tähtvere, Näituse tn 17",4,123.2 m²,210 000 €
618,"Tartu, Tartu linn, Raadi-Kruusamäe, Mõisa allee 3",3,67.5 m²,158 000 €
619,"Tartu, Kesklinn, Mõisavahe tn 71b/2",2,46.1 m²,149 900 €
620,"Tartu, Tartu linn, Annelinn, Sõpruse pst 1 (Broneeritud)",3,59.7 m²,82 000 €
621,"Tartu, Tartu linn, Annelinn, Sõpruse pst 5 (Broneeritud)",3,56.6 m²,95 000 €
622,"Tartu, Tartu linn, Ihaste, Pallase pst 127",5,93.5 m²,169 900 €
623,"Tartu, Tartu linn, Veeriku, Viljandi mnt 46a",3,55.8 m²,129 000 €
624,"Tartu, Tartu linn, Annelinn, Jaama tn 177",2,45.3 m²,70 000 €
625,"Tartu, Tartu linn, Kesklinn, Raekoja plats 4-27",3,69.4 m²,364 990 €
626,"Tartu, Tartu linn, Karlova, Väike-Tähe 16 (Broneeritud)",5,137.9 m²,232 000 €
627,"Tartu, Annelinn, Mõisavahe 43",2,46.1 m²,85 000 €
628,"Tartu, Tartu linn, Kesklinn, Aleksandri tn 20",2,41.1 m²,85 000 €
629,"Tartu, Tartu linn, Kesklinn, Staadioni 3",3,66.8 m²,128 100 €
630,"Tartu, Tartu linn, Ropka, Ropka mõis, Ropka tee 6-1",4,86 m²,249 000 €
631,"Tartu, Tartu linn, Kesklinn, Karlova, Kalevi tn 51",2,59.7 m²,100 035 €
632,"Tartu, Tartu linn, Annelinn, Lääne 3",1,26.8 m²,59 000 €
633,"Tartu, Tartu linn, Karlova, Kuu tn 2",2,49.2 m²,91 000 €
634,"Tartu, Tartu linn, Annelinn, Anne tn 37-8",1,37.8 m²,39 700 €
635,"Tartu, Tartu linn, Kesklinn, Vanalinn, Munga tn 10",2,49 m²,164 900 €
636,"Tartu, Tartu linn, Vaksali, Riia 48",2,38.8 m²,109 000 €
637,"Tartu, Karlova, Võru 38",1,27.6 m²,72 000 €
638,"Tartu, Tartu linn, Jaamamõisa, Lääne tn 14-14 (Broneeritud)",1,31.3 m²,112 990 €
639,"Tartu, Tartu linn, Karlova, Sõbra tn 48",2,43.3 m²,108 000 €
640,"Tartu, Tartu linn, Karlova, Siili tn 10-1",2,46.5 m²,152 000 €
641,"Tartu, Tartu linn, Raadi-Kruusamäe, Kukerpuu tn 1-13",3,59.5 m²,162 000 €
642,"Tartu, Tartu linn, Annelinn, Kaunase puiestee 10",3,65.8 m²,105 000 €
643,"Tartu, Tartu linn, Ülejõe, Pikk tn 84",4,66.9 m²,150 000 €
644,"Tartu, Tartu linn, Kesklinn, Aleksandri tn 32/1-24",2,52.2 m²,219 000 €
645,"Tartu, Tartu linn, Raadi-Kruusamäe, Vahi tn 11/1-12",4,84.9 m²,263 190 €
647,"Tartu, Tartu linn, Jaamamõisa, Lääne 11",2,37.8 m²,73 000 €
648,"Tartu, Tartu linn, Ülejõe, Ujula põik 1-1",2,47.8 m²,236 000 €
649,"Tartu, Tartu linn, Supilinn, Meloni 33-7",2,39.2 m²,223 000 €
650,"Tartu, Tartu linn, Kesklinn, Riia tn 22a",2,49.6 m²,249 900 €
651,"Tartu, Tartu linn, Ülejõe, Ülejõe, Anne 2",4,60.3 m²,133 000 €
652,"Tartu, Tartu linn, Kesklinn, Fortuuna 1",3,83.6 m²,195 000 €
653,"Tartu, Tartu linn, Ülejõe, Uus 36",2,43.7 m²,109 999 €
654,"Tartu, Tartu linn, Kesklinn, Kloostri tn 6 (Broneeritud)",2,51.8 m²,115 000 €
655,"Tartu, Tartu linn, Tähtvere, Hiie 46",3,89 m²,167 000 €
656,"Tartu, Tartu linn, Tammelinn, Savi tn 6a",2,38.3 m²,160 000 €
657,"Tartu, Ränilinn, Rehetare tee 2",5,132 m²,245 000 €
658,"Tartu, Tartu linn, Variku, Timuti tn 13a",2,38.2 m²,125 000 €
659,"Tartu, Tartu linn, Raadi-Kruusamäe, Stardiraja tn 3-24",3,63.5 m²,173 900 €
660,"Tartu, Tartu linn, Annelinn, Jaama 189",3,65.4 m²,110 000 €
661,"Tartu, Kesklinn, Aida tn 3c",3,92 m²,235 000 €
662,"Tartu, Tartu linn, Karlova, Lev Tolstoi 13a",4,85.2 m²,235 000 €
663,"Tartu, Tartu linn, Raadi-Kruusamäe, Kaupmehe tn 12-27",3,65.2 m²,187 900 €
664,"Tartu, Annelinn, Kalda tee 24",3,65.3 m²,165 000 €
665,"Tartu, Tartu linn, Ihaste, Varsa tn 7/5  UUS HIND!",4,144.1 m²,247 000 €
666,"Tartu, Tartu linn, Supilinn, Oa tn 35a-9 (Broneeritud)",2,32.5 m²,143 900 €
667,"Tartu, Tartu linn, Jaamamõisa, Põhja pst 17-24",2,47.8 m²,79 900 €
668,"Tartu, Tartu linn, Tammelinn, Savi tn 6a",4,90.9 m²,268 000 €
669,"Tartu, Tartu linn, Kesklinn, Vanalinn, Vallikraavi tn 10",1,20.5 m²,125 000 €
670,"Tartu, Tartu linn, Ülejõe, Ujula tn 51/1-10",3,54.6 m²,270 000 €
671,"Tartu, Tartu linn, Veeriku, Näituse 28",1,32.7 m²,64 999 €
672,"Tartu, Tartu linn, Ülejõe, Fortuuna tn 33-1",1,28.5 m²,129 900 €
673,"Tartu, Tartu linn, Ülejõe, Kesklinn, Jaama tn 22",1,34 m²,69 900 €
674,"Tartu, Tartu linn, Kesklinn, Aleksandri tn 32/1-4",2,40.9 m²,170 000 €
675,"Tartu, Tartu linn, Raadi-Kruusamäe, Erminurme tee 2-3",4,91.4 m²,251 900 €
676,"Tartu, Annelinn, Jaama 167-60",3,59.9 m²,165 000 €
677,"Tartu, Tartu linn, Karlova, Rebase 17-1",3,75.7 m²,234 000 €
678,"Tartu, Tartu linn, Karlova, Sõbra tn 35a",3,81.7 m²,220 000 €
679,"Tartu, Tartu linn, Ülejõe, Raatuse tn 101",2,39.3 m²,140 000 €
680,"Tartu, Tartu linn, Annelinn, Kaunase pst 6",1,33.6 m²,65 900 €
681,"Tartu, Tartu linn, Ropka, Ropka tn 15a",2,47.3 m²,127 000 €
682,"Tartu, Tartu linn, Karlova, Siili tn 12-34",2,55.5 m²,189 000 €
683,"Tartu, Tartu linn, Annelinn, Kalda tee 28",3,72.7 m²,114 500 €
684,"Tartu, Tartu linn, Kesklinn, Jakobi 19",2,48.9 m²,142 000 €
685,"Tartu, Veeriku, Väike-Kaar 43",2,34.6 m²,80 000 €
686,"Tartu, Annelinn, Pikk tn 80",3,72.8 m²,130 000 €
687,"Tartu, Tartu linn, Jaamamõisa, Põhja pst 25",2,48.2 m²,82 000 €
688,"Tartu, Tartu linn, Jaamamõisa, Lehe 24",3,66 m²,195 000 €
689,"Tartu, Tartu linn, Raadi-Kruusamäe, Roosi 34",1,15.5 m²,54 000 €
690,"Tartu, Tartu linn, Ülejõe, Narva mnt 90",2,56 m²,110 000 €
691,"Tartu, Annelinn, Kaunase pst 12",3,63.1 m²,136 500 €
692,"Tartu, Tartu linn, Annelinn, Mõisavahe 27",4,76.8 m²,110 000 €
693,"Tartu, Kesklinn, Fortuuna 27-1",2,41.6 m²,185 000 €
694,"Tartu, Tartu linn, Veeriku, Ravila tn 47",1,28.1 m²,72 000 €
695,"Tartu, Tartu linn, Kesklinn, Riia tn 8",4,106.9 m²,199 000 €
696,"Tartu, Tartu linn, Karlova, Tähe tn 20",3,75.1 m²,159 900 €
697,"Tartu, Tartu linn, Ränilinn, Kristalli tn 16",2,46 m²,140 000 €
698,"Tartu, Tartu linn, Karlova, Siili tn 1",3,49 m²,195 900 €
699,"Tartu, Tartu linn, Karlova, Rebase 17-89",3,74.6 m²,239 000 €
700,"Tartu, Annelinn, Mõisavahe tn 43",1,30.3 m²,67 000 €
701,"Tartu, Tartu linn, Ihaste, Pillikoori tee 5/3",3,75.2 m²,189 900 €
702,"Tartu, Tartu linn, Jaamamõisa, Lääne tn 16-1",4,56 m²,171 990 €
703,"Tartu, Tartu linn, Annelinn, Mõisavahe 63",4,77.7 m²,139 900 €
704,"Tartu, Tartu linn, Annelinn, Anne tn 49 (Broneeritud)",2,46.1 m²,74 900 €
705,"Tartu, Tartu linn, Kesklinn, Raekoja plats 4-8",2,31.9 m²,162 990 €
706,"Tartu, Kesklinn, Lai 36b-7",2,49.3 m²,225 000 €
707,"Tartu, Annelinn, Kalda tee 10",2,46.6 m²,79 700 €
708,"Tartu, Tartu linn, Kesklinn, Riia tn 22",2,40 m²,245 000 €
709,"Tartu, Tartu linn, Kesklinn, Kalevi tn 11-4",4,112.4 m²,375 000 €
710,"Tartu, Tartu linn, Supilinn, Piiri 2",2,31.2 m²,89 000 €
711,"Tartu, Annelinn, Jaama 167-9",3,68.3 m²,172 000 €
712,"Tartu, Annelinn, Kalda tee 22",3,65.8 m²,90 500 €
713,"Tartu, Tartu linn, Ränilinn, Rehetare tee 1",1,34 m²,103 000 €
714,"Tartu, Tartu linn, Kummeli tn 6a",4,96.7 m²,249 000 €
715,"Tartu, Tartu linn, Annelinn, anne 37-8",1,37.8 m²,39 700 €
716,"Tartu, Tartu linn, Raadi-Kruusamäe, Raadiraja tn 12-7",2,46.1 m²,149 900 €
717,"Tartu, Tartu linn, Annelinn, Kaunase pst 25",3,65.6 m²,85 000 €
718,"Tartu, Tartu linn, Annelinn, Kalda tee 22",2,47.7 m²,105 000 €
719,"Tartu, Kesklinn, Riia 8",4,78.1 m²,203 000 €
720,"Tartu, Tartu linn, Annelinn, Kaunase pst 10",4,76.2 m²,109 900 €
721,"Tartu, Tartu linn, Kesklinn, Lai tn 29",1,32 m²,135 000 €
722,"Tartu, Tartu linn, Ihaste, Krookuse 2-3",4,99.7 m²,219 000 €
723,"Tartu, Tartu linn, Annelinn, Jaama 189",3,65.4 m²,102 700 €
724,"Tartu, Veeriku, Veeriku tn 16 (Broneeritud)",3,57.4 m²,130 000 €
725,"Tartu, Ropka, Aardla 11",2,43.4 m²,121 800 €
726,"Tartu, Tartu linn, Karlova, Tähe 26",2,56.4 m²,148 900 €
727,"Tartu, Tartu linn, Tähtvere, Friedrich Reinhold Kreutzwaldi 50",1,18.3 m²,96 000 €
728,"Tartu, Tartu linn, Veeriku, Ilmatsalu 26a",2,54.3 m²,151 800 €
729,"Tartu, Tartu linn, Raadi-Kruusamäe, Puiestee tn 84",2,42.7 m²,95 000 €
730,"Tartu, Tartu linn, Raadi-Kruusamäe, Piloodi 1-25",4,83.6 m²,214 900 €
731,"Tartu, Tähtvere, Näituse 8",1,18.7 m²,80 700 €
732,"Tartu, Tartu linn, Kesklinn, Lossi tn 21",5,149.5 m²,479 000 €
733,"Tartu, Tartu linn, Jaamamõisa, Lepa 23",3,81 m²,180 000 €
734,"Tartu, Tartu linn, Raadi-Kruusamäe, Erminurme tee 22-14",2,50.4 m²,167 900 €
735,"Tartu, Tartu linn, Karlova, Rebase 17-60",2,41.6 m²,146 400 €
736,"Tartu, Tartu linn, Veeriku, TARTU KESKLINN, Veeriku tn 12c",3,72 m²,191 900 €
737,"Tartu, Tartu linn, Raadi-Kruusamäe, Stardiraja tn 3-25",4,83.6 m²,211 900 €
738,"Tartu, Tartu linn, Annelinn, Jaama 187",3,65 m²,129 000 €
739,"Tartu, Tartu linn, Karlova, Võru tn 65a-4",3,55.1 m²,199 000 €
740,"Tartu, Tartu linn, Annelinn, Kaunase pst 4",2,46.3 m²,79 000 €
741,"Tartu, Tartu linn, Ränilinn, Aardla 120",2,47.6 m²,102 000 €
742,"Tartu, Tartu linn, Kesklinn, Aida tn 7a",2,46.7 m²,114 999 €
743,"Tartu, Tartu linn, Ränilinn, Kevade tn 15-7",4,109.8 m²,286 900 €
744,"Tartu, Tartu linn, Annelinn, Anne tn 80",2,46 m²,88 900 €
745,"Tartu, Tartu linn, Kesklinn, Aida tn 11",1,29.6 m²,85 000 €
746,"Tartu, Tartu linn, Jaamamõisa, Lääne tn 16-5",3,58.6 m²,176 990 €
747,"Tartu, Tartu linn, Raadi-Kruusamäe, Raadiraja tn 12-30 (Broneeritud)",3,69.9 m²,199 900 €
748,"Tartu, Ihaste, Uus-Veeriku tee 28",3,73.2 m²,186 500 €
749,"Tartu, Tartu linn, Jaamamõisa, Lääne tn 14-1",2,37.7 m²,116 990 €
750,"Tartu, Tartu linn, Annelinn, Kaunase pst 60",3,65.7 m²,138 000 €
751,"Tartu, Tartu linn, Kesklinn, Karlova, Kalevi tn 51",3,44.8 m²,93 651 €
752,"Tartu, Tartu linn, Ihaste, Krookuse tn 1-2",4,99.7 m²,229 000 €
753,"Tartu, Tartu linn, Karlova, Raua tn 8",2,36.5 m²,149 500 €
754,"Tartu, Tartu linn, Kesklinn, Kesklinn, Raekoja plats 14",8,255.7 m²,1 165 000 €
755,"Tartu, Tartu linn, Supilinn, Herne tn 35",2,38.9 m²,108 000 €
756,"Tartu, Tartu linn, Ülejõe, Jaama tn 27-9",2,28 m²,58 000 €
757,"Tartu, Tartu linn, Kesklinn, Tiigi 9",2,37.6 m²,115 000 €
758,"Tartu, Ränilinn, Rehetare tee 2",5,127.6 m²,245 000 €
759,"Tartu, Tartu linn, Ülejõe, Pärna 2 (Broneeritud)",2,41.1 m²,113 000 €
760,"Tartu, Tartu linn, Raadi-Kruusamäe, Raadiraja tn 12-13",4,84.1 m²,236 900 €
761,"Tartu, Annelinn, Sõpruse pst 1",3,56.6 m²,99 000 €
762,"Tartu, Kesklinn, Pikk tn 19 (Broneeritud)",2,59.7 m²,149 500 €
763,"Tartu, Tartu linn, Annelinn, Mõisavahe tn 71b/2",3,63.9 m²,179 900 €
764,"Tartu, Tartu linn, Ülejõe, Raadi-Kruusamäe, Puiestee tn 49",1,27.1 m²,54 999 €
765,"Tartu, Tartu linn, Annelinn, Pikk tn 86",3,65.9 m²,108 000 €
766,"Tartu, Tartu linn, Supilinn, Supilinn, Oa tn 3-5  UUS HIND!",2,60 m²,217 000 €
767,"Tartu, Tartu linn, Ihaste, Ihaste, Koidutähe tee 58",3,99 m²,175 000 €
768,"Tartu, Tartu linn, Kesklinn, Riia tn 11",3,82.7 m²,209 000 €
769,"Tartu, Tartu linn, Karlova, Siili tn 10-12",3,79.9 m²,214 000 €
770,"Tartu, Tartu linn, Annelinn, Mõisavahe 18",2,45.6 m²,75 000 €
771,"Tartu, Tartu linn, Kesklinn, Kastani tn 83-1",3,86.8 m²,349 000 €
772,"Tartu, Tartu linn, Ülejõe, Raatuse 92",3,60 m²,83 600 €
773,"Tartu, Tartu linn, Karlova, Linda 16",1,16.9 m²,38 800 €
774,"Tartu, Tartu linn, Vaksali, Kooli tn 7",2,44.1 m²,104 000 €
775,"Tartu, Tartu linn, Raadi-Kruusamäe, Staadioni 65a",2,61.4 m²,249 000 €
776,"Tartu, Karlova, Tähe 105b",3,98 m²,200 000 €
777,"Tartu, Tartu linn, Kesklinn, Kastani tn 83-2",3,86.8 m²,349 000 €
778,"Tartu, Tartu linn, Annelinn, Jaama tn 183",2,45.7 m²,85 000 €
779,"Tartu, Tartu linn, Annelinn, Mõisavahe 14",4,76.5 m²,105 000 €
780,"Tartu, Tartu linn, Raadi-Kruusamäe, Narva mnt 167",2,39 m²,78 000 €
781,"Tartu, Tartu linn, Tammelinn, Raudtee tn 1a",2,52.9 m²,119 000 €
782,"Tartu, Ülejõe, Pikk 74",2,48.7 m²,92 000 €
783,"Tartu, Tartu linn, Karlova, Võru 156a",2,35 m²,95 000 €
784,"Tartu, Tartu linn, Vaksali, Näituse tn 27",3,95 m²,285 000 €
785,"Tartu, Tartu linn, Ülejõe, Roosi tn 36",2,43.9 m²,119 000 €
786,"Tartu, Kesklinn, Vanemuise 64",2,40.7 m²,122 000 €
787,"Tartu, Tartu linn, Ihaste, Krookuse tn 2",4,85.2 m²,229 000 €
788,"Tartu, Tartu linn, Annelinn, Ihaste põik 32",2,46.1 m²,169 000 €
789,"Tartu, Tartu linn, Karlova, Rebase 17-81  UUS HIND!",3,68.2 m²,240 000 €
790,"Tartu, Annelinn, Salu tee 61",2,43.7 m²,104 000 €
791,"Tartu, Tartu linn, Jaamamõisa, Lääne tn 5",1,31 m²,76 000 €
792,"Tartu, Tartu linn, Karlova, Rebase tn 25",2,47.8 m²,164 900 €
793,"Tartu, Tartu linn, Ränilinn, Kristalli tn 7",3,63.8 m²,179 000 €
794,"Tartu, Tartu linn, Raadi-Kruusamäe, Piloodi 1-2",3,63.1 m²,179 900 €
795,"Tartu, Tartu linn, Annelinn, Mõisavahe 35",4,78.2 m²,99 900 €
796,"Tartu, Tartu linn, Annelinn, Kaunase puiestee 32",3,65.7 m²,132 500 €
797,"Tartu, Tartu linn, Raadi-Kruusamäe, Raadiraja tn 12-1 (Broneeritud)",4,84.6 m²,239 900 €
798,"Tartu, Annelinn, Kaunase pst 62",3,65.7 m²,118 000 €
799,"Tartu, Tartu linn, Karlova, Kesk 30",1,20 m²,74 900 €
800,"Tartu, Tartu linn, Annelinn, Mõisavahe tn 62",3,65.4 m²,104 500 €
801,"Tartu, Tartu linn, Kesklinn, Aleksandri 32/1-6",2,66.6 m²,270 000 €
802,"Tartu, Tartu linn, Ülejõe, Ujula tn 51/1-1",2,38.9 m²,175 000 €
803,"Tartu, Karlova, Raua 16a",3,45 m²,75 000 €
804,"Tartu, Kesklinn, Turu tn 11 (Broneeritud)",2,42.5 m²,120 000 €
805,"Tartu, Tartu linn, Annelinn, Kaunase pst 3",2,46.1 m²,95 000 €
806,"Tartu, Tartu linn, Supilinn, Oa tn 35a-2 (Broneeritud)",2,56.2 m²,233 900 €
807,"Tartu, Tartu linn, Raadi-Kruusamäe, Erminurme tee 14-14",2,50.3 m²,164 900 €
808,"Tartu, Tartu linn, Karlova, Kalevi tn 97a-1",4,101.8 m²,339 000 €
809,"Tartu, Tartu linn, Ülejõe, Uus tn 9",2,46 m²,137 000 €
810,"Tartu, Tartu linn, Karlova, Rebase tn 5",4,78.8 m²,180 000 €
811,"Tartu, Tartu linn, Ülejõe, Kalda tee 8",2,37 m²,125 000 €
812,"Tartu, Tartu linn, Ihaste, E. Wiiralti tn 31",5,197.5 m²,254 900 €
813,"Tartu, Tartu linn, Ropka, Ringtee tn 9",1,37.5 m²,76 900 €
814,"Tartu, Tartu linn, Kesklinn, Aleksandri tn 32/1-17",4,98.3 m²,399 000 €
815,"Tartu, Karlova, Eha 6",2,32.4 m²,88 300 €
816,"Tartu, Kesklinn, Lai tn 29",1,30.4 m²,139 000 €
817,"Tartu, Kesklinn, Fortuuna tn 35",2,51.6 m²,189 000 €
818,"Tartu, Tartu linn, Tammelinn, Soinaste tn 8d",3,77.2 m²,238 000 €
819,"Tartu, Vaksali, Võru 55c",1,10.7 m²,35 000 €
820,"Tartu, Tartu linn, Ränilinn, Aardla tn 130",2,48.8 m²,115 000 €
821,"Tartu, Tartu linn, Jaamamõisa, Jaama 179",3,65 m²,100 000 €
822,"Tartu, Tartu linn, Kesklinn, Aleksandri 18 (Broneeritud)",1,19.5 m²,50 000 €
823,"Tartu, Tartu linn, Annelinn, Mõisavahe 46",3,65.2 m²,95 000 €
825,"Tartu, Tartu linn, Jaamamõisa, Lääne 6",3,63.6 m²,119 900 €
826,"Tartu, Tartu linn, Annelinn, Kaunase puiestee 20",3,49 m²,85 000 €
827,"Tartu, Jaamamõisa, Lääne 13",2,47.1 m²,94 900 €
828,"Tartu, Tartu linn, Tammelinn, Savi tn 6a (Broneeritud)",4,81.7 m²,245 000 €
829,"Tartu, Tartu linn, Karlova, Rebase 17-34",3,76.5 m²,239 000 €
830,"Tartu, Karlova, Purde 19",3,59.6 m²,180 000 €
831,"Tartu, Tartu linn, Kesklinn, Riia tn 20a",2,39 m²,199 000 €
832,"Tartu, Tartu linn, Kesklinn, Kastani tn 83-3",4,84.7 m²,359 000 €
833,"Tartu, Tartu linn, Tähtvere, A. H. Tammsaare tn 4",3,62.5 m²,110 000 €
834,"Tartu, Tartu linn, Annelinn, Mõisavahe tn 63",3,64.7 m²,105 000 €
835,"Tartu, Tartu linn, Kesklinn, Lao 2",1,12.8 m²,45 000 €
836,"Tartu, Tartu linn, Kesklinn, Raekoja plats 4-24",2,58 m²,349 990 €
837,"Tartu, Ränilinn, Rehetare tee 2",5,132 m²,265 000 €
838,"Tartu, Tartu linn, Raadi-Kruusamäe, Piloodi 1-3",4,83.6 m²,214 900 €
839,"Tartu, Annelinn, Mõisavahe 38",4,78.1 m²,125 500 €
840,"Tartu, Tartu linn, Maarjamõisa, Tervishoiu 3",2,46.7 m²,129 000 €
841,"Tartu, Tartu linn, Tammelinn, Suur kaar 58",3,50.4 m²,103 000 €
842,"Tartu, Tartu linn, Karlova, Tähe tn 68-8",1,15.8 m²,56 000 €
843,"Tartu, Kesklinn, Kastani tn 32",3,66.7 m²,159 900 €
844,"Tartu, Kesklinn, Pikk tn 2",4,60.2 m²,150 000 €
845,"Tartu, Tartu linn, Raadi-Kruusamäe, Erminurme tee 22-13",4,91.2 m²,279 900 €
846,"Tartu, Tartu linn, Jaamamõisa, Lääne tn 16-2",3,58.7 m²,156 990 €
847,"Tartu, Tartu linn, Karlova, Lootuse tn 2a-1",1,30.5 m²,139 000 €
848,"Tartu, Tartu linn, Jaamamõisa, Lääne tn 14-7 (Broneeritud)",5,101.8 m²,216 990 €
849,"Tartu, Annelinn, Jaama 167-46",4,84.3 m²,211 000 €
850,"Tartu, Tartu linn, Annelinn, Mõisavahe tn 38",4,78.5 m²,119 000 €
851,"Tartu, Tartu linn, Raadi-Kruusamäe, Raadiraja tn 12-24",2,45.9 m²,152 900 €
852,"Tartu, Tartu linn, Annelinn, Anne tn 71",3,62.4 m²,109 000 €
853,"Tartu, Tartu linn, Karlova, Ropkamõisa park, Ropka tee 6",2,44.2 m²,114 000 €
854,"Tartu, Tartu linn, Karlova, Lootuse tn 10 (Broneeritud)",1,36.2 m²,62 500 €
855,"Tartu, Tartu linn, Ropka tööstusrajoon, Ringtee tn 3",3,62.9 m²,137 000 €
856,"Tartu, Tartu linn, Jaamamõisa, Lehe tn 25-3",3,67.6 m²,189 000 €
857,"Tartu, Tartu linn, Karlova, Lootuse tn 2a-1",1,30.5 m²,139 000 €
858,"Tartu, Tartu linn, Jaamamõisa, Sõpruse pst 1",2,46.2 m²,80 000 €
859,"Tartu, Tartu linn, Kesklinn, Kalevi 37",5,115.1 m²,319 000 €
860,"Tartu, Kesklinn, Filosoofi 7",3,71.3 m²,139 900 €
861,"Tartu, Tartu linn, Annelinn, Kalda tee 34",4,72.9 m²,139 900 €
862,"Tartu, Tartu linn, Kesklinn, Turu tn 17",3,53.8 m²,127 000 €
863,"Tartu, Jaamamõisa, Lääne 5",2,48.3 m²,70 000 €
864,"Tartu, Tartu linn, Ülejõe, Pärna tn 10",3,47 m²,100 000 €
865,"Tartu, Tartu linn, Ropka, Rahu 9",3,62.3 m²,130 000 €
866,"Tartu, Tartu linn, Tammelinn, Tammepärja 19-2 (Broneeritud)",4,107 m²,341 000 €
867,"Tartu, Ülejõe, Mäe 29",2,37 m²,75 000 €
868,"Tartu, Tartu linn, Veeriku, Ilmatsalu 26a-30",2,46.3 m²,139 000 €
869,"Tartu, Tartu linn, Ihaste, Krookuse 6-6",4,98.6 m²,229 000 €
870,"Tartu, Tartu linn, Karlova, Õnne 45",2,43.6 m²,87 000 €
871,"Tartu, Tartu linn, Jaamamõisa, Lääne tn 1",2,42.4 m²,79 000 €
872,"Tartu, Tartu linn, Kesklinn, Aleksandri 32/1-13",3,79.1 m²,305 000 €
873,"Tartu, Tartu linn, Ülejõe, Mäe 12",2,45.9 m²,82 000 €
874,"Tartu, Tartu linn, Karlova, Raua tn 20",4,113.1 m²,360 000 €
875,"Tartu, Tartu linn, Vaksali, Vabriku 3",2,53.9 m²,157 000 €
876,"Tartu, Tartu linn, Annelinn, Sõpruse pst 19",4,78.3 m²,119 900 €
877,"Tartu, Annelinn, Sõpruse pst 1",1,27.8 m²,61 900 €
878,"Tartu, Tartu linn, Annelinn, Ihaste põik 20",2,50.6 m²,183 000 €
879,"Tartu, Tartu linn, Raadi-Kruusamäe, Erminurme tee 22-11",2,48.3 m²,163 900 €
880,"Tartu, Tartu linn, Ränilinn, Kevade tn 15-5",4,103.4 m²,258 900 €
881,"Tartu, Tartu linn, Kesklinn, Raekoja plats 4-6 (Broneeritud)",1,22.9 m²,124 990 €
882,"Tartu, Tartu linn, Vaksali, Vaksali 11 (Broneeritud)",2,49.7 m²,119 900 €
883,"Tartu, Tartu linn, Karlova, Siili tn 10-24",3,78.1 m²,218 000 €
884,"Tartu, Tartu linn, Ränilinn, Kvartsi 7",3,71.6 m²,209 000 €
885,"Tartu, Tartu linn, Ülejõe, Puiestee tn 112a",1,34.4 m²,62 000 €
886,"Tartu, Tartu linn, Annelinn, Mõisavahe tn 39",1,30.3 m²,63 000 €
887,"Tartu, Kesklinn, Aleksandri tn 19",3,64.4 m²,165 000 €
888,"Tartu, Tartu linn, Annelinn, Anne 92",4,78.4 m²,124 900 €
889,"Tartu, Tartu linn, Ropka, Aardla tn 5",2,46.2 m²,89 000 €
890,"Tartu, Tartu linn, Veeriku, Nisu tn 19",3,53.4 m²,125 000 €
891,"Tartu, Kesklinn, Anne tn 80 (Broneeritud)",3,63.2 m²,99 900 €
892,"Tartu, Tartu linn, Ihaste, Krookuse tn 4-1",4,100 m²,249 000 €
893,"Tartu, Tartu linn, Jaamamõisa, Lääne tn 14-20",2,45.2 m²,134 990 €
894,"Tartu, Tartu linn, Raadi-Kruusamäe, Orava tn 13",3,62.6 m²,100 000 €
895,"Tartu, Tartu linn, Kesklinn, Lao 2",2,49.2 m²,110 000 €
896,"Tartu, Tartu linn, Raadi-Kruusamäe, Raadi, Raadiraja tn 24 (Broneeritud)",3,52.6 m²,159 999 €
897,"Tartu, Tartu linn, Kesklinn, Pepleri tn 21",2,64.4 m²,159 000 €
898,"Tartu, Tartu linn, Raadi-Kruusamäe, Kaupmehe tn 12-15",3,70 m²,182 900 €
899,"Tartu, Tartu linn, Ropka, Ropkamõisa park, Ropka tee 6",2,44.2 m²,114 000 €
900,"Tartu, Tartu linn, Ihaste, J. Koorti tn 21-2",5,133 m²,189 000 €
901,"Tartu, Tartu linn, Kesklinn, Filosoofi 2",2,45.7 m²,115 000 €
902,"Tartu, Tartu linn, Kesklinn, Fortuuna tn 27-1",2,41.4 m²,185 000 €
903,"Tartu, Tartu linn, Karlova, Siili tn 12-32",3,76.4 m²,265 000 €
904,"Tartu, Tartu linn, Kesklinn, Kalevi 30",3,62.6 m²,250 555 €
905,"Tartu, Tartu linn, Kesklinn, Lao 2",1,23.5 m²,65 000 €
906,"Tartu, Tartu linn, Annelinn, KORTER ON VABA!, Mõisavahe tn 14",3,62.4 m²,83 000 €
907,"Tartu, Tartu linn, Karlova, Siili tn 1",2,32.5 m²,147 900 €
908,"Tartu, Tartu linn, Jaamamõisa, Lääne tn 14-29",3,52.9 m²,159 990 €
